id,username,email,created_at
1,forestmeadow92,forestmeadow92@acme.dev,2024-11-21 04:45:54
2,embergarden79,embergarden79@acme.dev,2024-02-02 07:42:49
3,clearquartz55,clearquartz55@hackstack.io,2025-12-05 00:07:08
4,amberjourney43,amberjourney43@example.com,2025-11-28 03:01:04
5,calmuplink24,calmuplink24@example.com,2024-01-25 16:08:02
6,warmquartz93,warmquartz93@hackstack.io,2025-02-25 15:35:05
7,briskwindow52,briskwindow52@hackstack.io,2024-08-17 05:44:15
8,tidytrail81,tidytrail81@opswise.net,2024-10-31 02:50:38
9,silverdelta35,silverdelta35@acme.dev,2025-12-10 20:10:49
10,proudsignal72,proudsignal72@acme.dev,2025-06-14 04:17:30
11,quietquartz75,quietquartz75@example.com,2024-03-09 13:11:15
12,clearmeadow08,clearmeadow08@example.com,2024-04-26 21:55:57
13,rapidnetwork00,rapidnetwork00@hackstack.io,2024-10-05 20:07:47
14,cobaltriver23,cobaltriver23@acme.dev,2024-08-15 16:57:01
15,cobaltkernel94,cobaltkernel94@example.com,2025-10-03 11:22:43
16,embercanyon34,embercanyon34@example.com,2025-12-30 19:58:29
17,clearriver24,clearriver24@example.com,2024-10-09 12:07:13
18,mellowfield44,mellowfield44@acme.dev,2025-12-08 08:39:02
19,keenanchor91,keenanchor91@acme.dev,2025-03-17 17:43:38
20,livelygarden59,livelygarden59@seeded.app,2024-01-02 08:05:37
21,clearzenith14,clearzenith14@opswise.net,2024-06-18 05:20:38
22,silverwindow80,silverwindow80@relay.cloud,2024-03-29 04:53:10
23,silverengine53,silverengine53@seeded.app,2024-03-18 16:30:06
24,opallagoon74,opallagoon74@acme.dev,2024-04-09 12:07:42
25,amberdelta25,amberdelta25@relay.cloud,2025-06-17 18:56:00
26,mellowtrail83,mellowtrail83@seeded.app,2024-02-16 15:11:36
27,urbanyard90,urbanyard90@example.com,2025-03-18 04:27:22
28,briskjourney60,briskjourney60@relay.cloud,2024-05-28 23:34:44
29,keenkernel87,keenkernel87@seeded.app,2025-04-24 03:19:47
30,keenuplink89,keenuplink89@seeded.app,2025-08-08 14:31:10
31,ambernetwork23,ambernetwork23@seeded.app,2025-05-22 05:07:57
32,harborlagoon39,harborlagoon39@hackstack.io,2024-02-07 01:42:27
33,livelymeadow92,livelymeadow92@opswise.net,2025-09-12 21:53:41
34,warmsignal78,warmsignal78@seeded.app,2024-04-16 23:24:55
35,youngvalley45,youngvalley45@opswise.net,2025-08-19 05:16:19
36,ivoryharvest90,ivoryharvest90@acme.dev,2024-03-07 19:06:54
37,opalkernel74,opalkernel74@opswise.net,2024-02-24 23:32:35
38,cobaltzenith30,cobaltzenith30@example.com,2024-06-22 14:39:56
39,embertrail74,embertrail74@seeded.app,2025-11-25 16:55:23
40,ambersignal99,ambersignal99@example.com,2025-03-03 13:52:21
41,warmmeadow62,warmmeadow62@seeded.app,2026-01-24 22:57:52
42,vividwindow63,vividwindow63@relay.cloud,2025-11-18 18:08:50
43,quietharvest43,quietharvest43@hackstack.io,2025-03-30 19:19:37
44,opalriver50,opalriver50@seeded.app,2024-01-03 20:42:11
45,warmbeacon00,warmbeacon00@acme.dev,2024-03-05 04:37:06
46,mellowbeacon66,mellowbeacon66@opswise.net,2024-10-19 00:48:47
47,brisknetwork49,brisknetwork49@acme.dev,2026-01-22 21:41:02
48,jadeharvest17,jadeharvest17@example.com,2024-12-09 05:53:59
49,youngpioneer11,youngpioneer11@example.com,2024-12-06 07:13:18
50,clearquartz49,clearquartz49@opswise.net,2026-01-19 01:01:36
51,mellowfield15,mellowfield15@relay.cloud,2026-01-12 06:35:14
52,prouddelta49,prouddelta49@relay.cloud,2025-05-30 19:09:26
53,vividuplink01,vividuplink01@example.com,2024-07-13 18:33:02
54,opalengine17,opalengine17@opswise.net,2025-05-09 20:04:31
55,warmorbit89,warmorbit89@acme.dev,2025-07-19 05:54:54
56,goldwindow84,goldwindow84@acme.dev,2024-07-28 17:23:15
57,quietquartz32,quietquartz32@opswise.net,2025-06-14 20:31:16
58,brisktrail24,brisktrail24@hackstack.io,2024-08-29 02:19:43
59,navyuplink84,navyuplink84@hackstack.io,2025-05-19 10:16:00
60,keenengine11,keenengine11@relay.cloud,2025-05-03 18:53:27
61,harbordelta85,harbordelta85@relay.cloud,2025-03-09 09:17:33
62,jadeorbit66,jadeorbit66@hackstack.io,2024-07-26 10:01:47
63,cobaltfield01,cobaltfield01@opswise.net,2024-07-09 17:23:41
64,dawnuplink44,dawnuplink44@hackstack.io,2025-01-20 21:18:06
65,jadetrail41,jadetrail41@seeded.app,2024-05-22 18:27:30
66,clearbeacon57,clearbeacon57@hackstack.io,2024-06-05 03:05:58
67,navyjourney83,navyjourney83@relay.cloud,2025-11-11 15:33:06
68,jademeadow71,jademeadow71@seeded.app,2024-07-18 22:57:16
69,amberisland77,amberisland77@hackstack.io,2025-11-24 14:39:15
70,calmjourney02,calmjourney02@relay.cloud,2025-01-06 13:48:26
71,cobaltlagoon68,cobaltlagoon68@acme.dev,2025-08-23 19:27:45
72,vividgarden46,vividgarden46@example.com,2024-10-24 04:55:53
73,ambersignal44,ambersignal44@hackstack.io,2025-10-27 16:56:17
74,navyriver22,navyriver22@opswise.net,2024-05-14 22:15:00
75,quietkernel46,quietkernel46@hackstack.io,2024-11-05 04:32:22
76,younglagoon42,younglagoon42@example.com,2024-09-27 06:33:52
77,cobaltfield59,cobaltfield59@opswise.net,2024-03-17 06:26:43
78,embernetwork73,embernetwork73@seeded.app,2025-07-28 00:10:10
79,jadegarden60,jadegarden60@hackstack.io,2024-10-04 23:05:56
80,silversignal87,silversignal87@example.com,2026-01-17 03:30:36
81,foresttrail98,foresttrail98@acme.dev,2024-05-25 15:38:52
82,livelyzenith63,livelyzenith63@relay.cloud,2024-02-05 19:26:37
83,vividvalley56,vividvalley56@opswise.net,2025-01-13 01:28:42
84,vividbeacon51,vividbeacon51@hackstack.io,2024-08-31 05:01:31
85,clearkernel37,clearkernel37@example.com,2024-06-19 15:12:02
86,calmquartz00,calmquartz00@hackstack.io,2025-06-25 14:58:24
87,urbanlagoon95,urbanlagoon95@seeded.app,2025-06-16 02:36:46
88,youngnetwork53,youngnetwork53@relay.cloud,2025-08-29 05:59:11
89,prouduplink82,prouduplink82@opswise.net,2025-05-05 07:18:33
90,silveryard42,silveryard42@hackstack.io,2024-10-04 06:30:05
91,quietuplink02,quietuplink02@acme.dev,2024-12-12 15:14:15
92,goldjourney52,goldjourney52@seeded.app,2025-01-18 09:28:41
93,mellowquartz17,mellowquartz17@relay.cloud,2025-01-17 02:28:19
94,opalisland03,opalisland03@acme.dev,2025-02-25 23:34:50
95,harborbeacon93,harborbeacon93@acme.dev,2025-12-14 16:25:57
96,silverpioneer95,silverpioneer95@acme.dev,2025-06-02 10:50:08
97,keenjourney13,keenjourney13@relay.cloud,2025-12-16 12:37:02
98,harborquartz56,harborquartz56@hackstack.io,2024-05-03 10:22:46
99,emberanchor74,emberanchor74@acme.dev,2025-07-20 21:39:59
100,dawnquartz31,dawnquartz31@relay.cloud,2025-11-22 12:00:36
101,calmlagoon21,calmlagoon21@seeded.app,2025-01-24 03:08:58
102,proudwindow54,proudwindow54@example.com,2026-01-17 23:47:23
103,opalquartz37,opalquartz37@relay.cloud,2024-05-10 15:24:56
104,tidyuplink40,tidyuplink40@hackstack.io,2025-07-08 13:01:56
105,youngzenith84,youngzenith84@relay.cloud,2025-06-14 02:09:39
106,dawnkernel08,dawnkernel08@opswise.net,2025-04-14 19:54:21
107,mellowmeadow84,mellowmeadow84@hackstack.io,2025-07-19 15:04:58
108,goldcanyon76,goldcanyon76@example.com,2025-08-05 04:14:28
109,livelykernel96,livelykernel96@hackstack.io,2024-05-01 15:19:22
110,tidyvalley58,tidyvalley58@seeded.app,2024-05-18 09:03:33
111,ambernetwork03,ambernetwork03@example.com,2025-08-29 07:56:18
112,cobaltyard37,cobaltyard37@acme.dev,2024-09-05 00:38:17
113,mellownetwork29,mellownetwork29@acme.dev,2025-10-20 21:34:10
114,harboruplink19,harboruplink19@opswise.net,2025-08-16 18:37:38
115,jadecanyon55,jadecanyon55@seeded.app,2026-01-11 03:53:24
116,cobaltsignal82,cobaltsignal82@relay.cloud,2025-09-22 05:13:41
117,forestbeacon09,forestbeacon09@seeded.app,2025-04-16 00:17:04
118,keenisland39,keenisland39@hackstack.io,2024-05-21 10:44:51
119,calmzenith12,calmzenith12@example.com,2025-12-06 15:36:09
120,dawnpioneer96,dawnpioneer96@opswise.net,2025-08-03 12:26:26
121,dawnnetwork91,dawnnetwork91@seeded.app,2024-02-26 07:36:49
122,urbansignal49,urbansignal49@acme.dev,2025-01-24 05:43:20
123,amberriver62,amberriver62@relay.cloud,2024-04-12 00:33:17
124,dawnmeadow99,dawnmeadow99@acme.dev,2025-12-06 17:55:38
125,navycanyon35,navycanyon35@hackstack.io,2024-10-23 17:57:19
126,clearengine64,clearengine64@seeded.app,2025-07-09 14:19:30
127,mellowcanyon66,mellowcanyon66@opswise.net,2024-03-16 20:08:53
128,dawnharvest26,dawnharvest26@acme.dev,2025-07-19 23:30:07
129,navykernel50,navykernel50@acme.dev,2024-01-30 09:08:18
130,cobalttrail57,cobalttrail57@acme.dev,2025-05-29 13:02:06
131,dawncanyon30,dawncanyon30@relay.cloud,2025-08-30 10:07:49
132,harbororbit69,harbororbit69@seeded.app,2024-04-28 03:55:04
133,youngbeacon57,youngbeacon57@seeded.app,2024-12-17 17:45:16
134,opalnetwork85,opalnetwork85@seeded.app,2024-10-19 01:05:40
135,warmorbit55,warmorbit55@seeded.app,2024-07-24 04:16:40
136,jadebeacon61,jadebeacon61@example.com,2025-06-10 19:50:52
137,jadequartz60,jadequartz60@hackstack.io,2024-02-16 05:44:31
138,amberpioneer38,amberpioneer38@seeded.app,2025-05-28 02:34:37
139,keenisland09,keenisland09@acme.dev,2025-02-07 13:46:04
140,harborsignal75,harborsignal75@opswise.net,2025-11-21 07:46:36
141,emberorbit13,emberorbit13@seeded.app,2026-01-07 10:35:00
142,jadedelta11,jadedelta11@seeded.app,2025-10-29 16:29:35
143,harboranchor36,harboranchor36@relay.cloud,2025-04-21 14:33:36
144,silvervalley51,silvervalley51@seeded.app,2024-02-02 07:43:51
145,proudlagoon35,proudlagoon35@acme.dev,2024-05-09 22:16:41
146,opalnetwork57,opalnetwork57@acme.dev,2025-05-15 03:28:08
147,goldengine78,goldengine78@hackstack.io,2024-08-01 19:49:16
148,rapidyard73,rapidyard73@hackstack.io,2024-03-30 12:51:40
149,quietpioneer24,quietpioneer24@seeded.app,2024-02-03 19:44:43
150,proudriver52,proudriver52@hackstack.io,2025-09-07 08:20:42
151,opalorbit99,opalorbit99@opswise.net,2024-01-15 13:07:34
152,proudisland44,proudisland44@hackstack.io,2025-06-08 16:51:33
153,ivoryisland85,ivoryisland85@opswise.net,2025-12-26 04:26:17
154,calmcanyon73,calmcanyon73@acme.dev,2024-05-14 20:42:18
155,briskkernel71,briskkernel71@example.com,2025-09-26 00:51:13
156,navytrail99,navytrail99@relay.cloud,2025-07-11 11:22:39
157,cobaltquartz84,cobaltquartz84@seeded.app,2024-01-26 07:40:42
158,proudpioneer96,proudpioneer96@example.com,2025-12-02 23:50:12
159,briskpioneer38,briskpioneer38@acme.dev,2025-12-11 20:48:39
160,goldwindow46,goldwindow46@relay.cloud,2024-06-29 11:52:00
161,warmyard46,warmyard46@opswise.net,2025-11-12 20:24:29
162,mellowvalley57,mellowvalley57@acme.dev,2024-10-17 17:34:52
163,cobaltquartz11,cobaltquartz11@example.com,2025-08-05 15:06:08
164,prouddelta16,prouddelta16@relay.cloud,2025-09-08 12:57:55
165,tidyriver37,tidyriver37@hackstack.io,2024-04-05 02:56:56
166,youngdelta57,youngdelta57@relay.cloud,2025-10-30 01:12:42
167,jadefield64,jadefield64@acme.dev,2025-05-31 17:00:22
168,proudbeacon43,proudbeacon43@example.com,2025-04-28 20:43:18
169,navyriver02,navyriver02@relay.cloud,2025-01-23 12:09:52
170,forestisland76,forestisland76@relay.cloud,2024-07-05 16:12:46
171,silverengine76,silverengine76@seeded.app,2025-02-11 11:55:10
172,proudfield95,proudfield95@acme.dev,2024-06-11 21:53:38
173,tidyengine88,tidyengine88@example.com,2025-08-12 11:06:09
174,mellowpioneer79,mellowpioneer79@seeded.app,2025-10-06 15:09:43
175,dawnuplink11,dawnuplink11@hackstack.io,2025-10-18 22:07:30
176,calmlagoon83,calmlagoon83@example.com,2024-09-21 02:44:48
177,clearnetwork33,clearnetwork33@acme.dev,2024-08-03 04:30:36
178,briskharvest37,briskharvest37@seeded.app,2025-06-18 19:12:56
179,dawnharvest64,dawnharvest64@acme.dev,2024-05-14 13:13:21
180,harborgarden13,harborgarden13@hackstack.io,2024-05-10 23:23:57
181,cobaltmeadow98,cobaltmeadow98@seeded.app,2025-12-28 21:58:44
182,ivoryanchor73,ivoryanchor73@hackstack.io,2025-02-20 14:49:16
183,ambercanyon95,ambercanyon95@hackstack.io,2024-03-18 22:10:03
184,silvercanyon57,silvercanyon57@hackstack.io,2025-02-05 18:18:07
185,briskwindow01,briskwindow01@acme.dev,2024-06-25 09:34:48
186,jadebeacon50,jadebeacon50@relay.cloud,2024-10-28 23:13:44
187,calmcanyon50,calmcanyon50@relay.cloud,2024-01-02 16:20:55
188,navydelta09,navydelta09@example.com,2026-01-16 22:47:07
189,clearorbit60,clearorbit60@relay.cloud,2025-12-11 03:51:44
190,quietwindow17,quietwindow17@hackstack.io,2024-05-21 18:07:37
191,ambermeadow98,ambermeadow98@example.com,2024-09-27 11:10:45
192,warmwindow88,warmwindow88@opswise.net,2024-12-04 09:14:03
193,tidyriver67,tidyriver67@seeded.app,2025-06-16 01:37:26
194,proudfield50,proudfield50@seeded.app,2025-09-23 22:02:41
195,ivorylagoon75,ivorylagoon75@opswise.net,2024-06-28 02:50:09
196,ivorymeadow30,ivorymeadow30@acme.dev,2024-09-26 07:31:33
197,prouduplink54,prouduplink54@acme.dev,2025-03-06 19:34:58
198,quietorbit79,quietorbit79@seeded.app,2025-01-09 08:30:22
199,opalfield86,opalfield86@seeded.app,2024-06-09 01:09:08
200,cobaltuplink24,cobaltuplink24@seeded.app,2025-01-22 03:01:55
201,goldcanyon68,goldcanyon68@hackstack.io,2025-05-29 05:22:54
202,cobaltanchor37,cobaltanchor37@acme.dev,2024-04-16 12:20:43
203,silveranchor26,silveranchor26@example.com,2025-05-24 03:58:21
204,tidyfield99,tidyfield99@relay.cloud,2024-04-05 11:17:04
205,harborengine33,harborengine33@example.com,2025-07-02 19:30:30
206,keenisland65,keenisland65@relay.cloud,2025-04-02 18:02:11
207,keendelta55,keendelta55@opswise.net,2024-07-22 17:46:44
208,harborlagoon93,harborlagoon93@seeded.app,2024-12-27 00:03:19
209,goldanchor02,goldanchor02@hackstack.io,2025-04-15 10:44:58
210,navyorbit09,navyorbit09@acme.dev,2024-09-15 14:20:23
211,briskriver28,briskriver28@relay.cloud,2025-05-03 07:40:28
212,proudorbit12,proudorbit12@relay.cloud,2024-07-03 23:56:22
213,urbanbeacon72,urbanbeacon72@hackstack.io,2026-01-23 00:42:08
214,goldgarden08,goldgarden08@seeded.app,2024-03-06 21:57:34
215,cobaltengine84,cobaltengine84@opswise.net,2024-08-09 17:29:20
216,navynetwork04,navynetwork04@relay.cloud,2024-09-11 01:40:53
217,clearjourney01,clearjourney01@opswise.net,2024-03-06 17:57:12
218,proudriver35,proudriver35@example.com,2024-03-03 06:37:36
219,livelyquartz37,livelyquartz37@example.com,2025-03-09 09:46:25
220,opalzenith80,opalzenith80@hackstack.io,2024-10-10 05:09:32
221,silvercanyon92,silvercanyon92@example.com,2025-05-30 03:04:42
222,prouduplink51,prouduplink51@seeded.app,2025-08-13 23:45:53
223,dawnriver02,dawnriver02@hackstack.io,2025-01-18 15:05:23
224,jadequartz25,jadequartz25@seeded.app,2024-06-27 00:31:58
225,prouduplink95,prouduplink95@opswise.net,2024-11-05 22:57:26
226,emberuplink06,emberuplink06@acme.dev,2025-06-07 13:19:20
227,goldsignal83,goldsignal83@relay.cloud,2024-01-20 00:28:10
228,navyengine39,navyengine39@acme.dev,2025-03-28 13:31:59
229,ambervalley11,ambervalley11@acme.dev,2025-02-09 09:33:10
230,mellowharvest12,mellowharvest12@example.com,2024-01-12 03:54:25
231,jadedelta39,jadedelta39@acme.dev,2024-03-22 11:26:51
232,goldlagoon44,goldlagoon44@opswise.net,2025-04-18 00:07:01
233,navycanyon84,navycanyon84@seeded.app,2024-08-09 10:40:00
234,quietkernel03,quietkernel03@acme.dev,2025-11-16 13:56:37
235,navyisland50,navyisland50@opswise.net,2025-08-19 01:29:45
236,opalwindow11,opalwindow11@opswise.net,2024-10-17 06:32:43
237,dawnharvest94,dawnharvest94@relay.cloud,2025-02-19 04:58:05
238,warmharvest61,warmharvest61@seeded.app,2025-03-11 09:44:00
239,jadedelta45,jadedelta45@seeded.app,2024-08-17 11:52:15
240,forestzenith81,forestzenith81@opswise.net,2025-01-03 19:14:49
241,dawnuplink91,dawnuplink91@acme.dev,2024-10-05 12:36:16
242,cobaltisland00,cobaltisland00@acme.dev,2025-01-13 09:31:14
243,livelybeacon39,livelybeacon39@hackstack.io,2025-12-08 17:06:24
244,brisklagoon24,brisklagoon24@seeded.app,2025-04-06 02:54:55
245,ivorynetwork98,ivorynetwork98@opswise.net,2025-01-30 20:53:18
246,mellowmeadow60,mellowmeadow60@example.com,2025-08-04 22:00:44
247,silvergarden04,silvergarden04@seeded.app,2024-05-04 22:40:52
248,calmharvest98,calmharvest98@example.com,2024-08-26 00:28:19
249,melloworbit34,melloworbit34@opswise.net,2025-08-04 20:27:00
250,livelyfield52,livelyfield52@relay.cloud,2025-08-25 10:00:10
251,quietpioneer59,quietpioneer59@hackstack.io,2024-01-22 07:48:56
252,rapidsignal30,rapidsignal30@hackstack.io,2025-08-30 13:40:21
253,navyfield11,navyfield11@example.com,2025-08-18 22:48:14
254,youngcanyon56,youngcanyon56@example.com,2024-04-25 00:36:16
255,goldkernel31,goldkernel31@acme.dev,2025-11-28 15:21:02
256,vividkernel54,vividkernel54@relay.cloud,2025-11-22 07:45:30
257,warmgarden31,warmgarden31@seeded.app,2025-01-15 14:40:51
258,harbornetwork58,harbornetwork58@acme.dev,2025-12-31 23:40:12
259,clearmeadow95,clearmeadow95@hackstack.io,2025-12-25 01:17:14
260,clearengine71,clearengine71@hackstack.io,2024-08-20 08:40:03
261,rapidjourney11,rapidjourney11@opswise.net,2025-01-08 11:46:24
262,quietisland30,quietisland30@opswise.net,2025-01-01 14:01:18
263,calmlagoon43,calmlagoon43@relay.cloud,2025-07-10 20:59:18
264,tidypioneer92,tidypioneer92@relay.cloud,2025-09-14 08:47:42
265,emberharvest82,emberharvest82@relay.cloud,2025-09-10 12:44:33
266,jademeadow36,jademeadow36@example.com,2024-05-15 20:45:10
267,briskzenith03,briskzenith03@hackstack.io,2025-09-26 19:18:42
268,vividengine20,vividengine20@hackstack.io,2025-03-02 16:57:31
269,emberlagoon43,emberlagoon43@example.com,2024-10-10 23:02:47
270,goldtrail31,goldtrail31@hackstack.io,2025-09-26 15:45:25
271,vividvalley14,vividvalley14@seeded.app,2024-11-11 23:38:40
272,clearquartz80,clearquartz80@opswise.net,2024-06-21 13:33:26
273,vividgarden71,vividgarden71@opswise.net,2025-05-26 08:05:11
274,cobaltnetwork86,cobaltnetwork86@seeded.app,2025-02-02 10:50:03
275,cobaltzenith02,cobaltzenith02@relay.cloud,2024-01-28 14:09:35
276,urbanpioneer37,urbanpioneer37@seeded.app,2025-02-18 10:30:27
277,silveruplink60,silveruplink60@seeded.app,2025-08-05 07:12:52
278,brisktrail45,brisktrail45@acme.dev,2024-11-21 02:50:09
279,opalorbit02,opalorbit02@seeded.app,2024-05-03 06:05:55
280,clearharvest13,clearharvest13@acme.dev,2024-09-02 01:52:23
281,keenriver61,keenriver61@hackstack.io,2024-03-15 20:45:04
282,harboranchor49,harboranchor49@hackstack.io,2024-07-31 06:35:54
283,warmjourney19,warmjourney19@seeded.app,2024-11-19 02:43:50
284,jadeharvest45,jadeharvest45@acme.dev,2025-03-08 20:01:30
285,rapidsignal57,rapidsignal57@opswise.net,2024-04-13 13:10:54
286,foresttrail62,foresttrail62@hackstack.io,2025-03-08 08:10:54
287,urbanharvest92,urbanharvest92@seeded.app,2025-12-02 17:25:58
288,proudsignal53,proudsignal53@acme.dev,2025-04-20 08:36:35
289,forestvalley36,forestvalley36@opswise.net,2025-05-22 21:04:28
290,goldsignal34,goldsignal34@example.com,2025-11-25 21:22:39
291,briskpioneer64,briskpioneer64@acme.dev,2024-12-01 11:30:45
292,proudgarden23,proudgarden23@opswise.net,2024-04-01 13:39:51
293,embergarden58,embergarden58@relay.cloud,2025-10-12 14:59:55
294,harborlagoon16,harborlagoon16@seeded.app,2025-07-07 01:39:57
295,dawnyard08,dawnyard08@acme.dev,2025-04-19 23:24:51
296,rapidanchor56,rapidanchor56@seeded.app,2025-12-01 08:14:02
297,harborriver83,harborriver83@relay.cloud,2025-03-22 10:16:18
298,navyuplink45,navyuplink45@example.com,2025-10-08 08:46:09
299,quietharvest37,quietharvest37@seeded.app,2025-02-21 02:32:48
300,calmtrail90,calmtrail90@relay.cloud,2024-03-05 18:20:39
301,emberkernel82,emberkernel82@acme.dev,2025-04-18 12:47:00
302,cobaltgarden13,cobaltgarden13@opswise.net,2024-12-19 23:26:01
303,keencanyon58,keencanyon58@relay.cloud,2025-08-17 08:19:36
304,silverlagoon02,silverlagoon02@hackstack.io,2024-08-07 22:03:20
305,embercanyon01,embercanyon01@seeded.app,2024-07-06 07:47:19
306,goldkernel01,goldkernel01@seeded.app,2024-03-26 06:26:40
307,harbormeadow90,harbormeadow90@acme.dev,2024-10-01 16:31:54
308,youngzenith52,youngzenith52@opswise.net,2024-10-22 17:56:33
309,forestuplink56,forestuplink56@acme.dev,2026-01-18 19:03:53
310,clearbeacon31,clearbeacon31@relay.cloud,2024-06-12 05:11:42
311,opalanchor55,opalanchor55@relay.cloud,2025-01-25 14:24:41
312,harborfield17,harborfield17@example.com,2025-08-09 05:59:38
313,briskengine71,briskengine71@acme.dev,2024-09-25 07:45:46
314,livelylagoon01,livelylagoon01@example.com,2025-06-30 12:23:00
315,quietengine86,quietengine86@example.com,2025-10-03 10:51:56
316,forestkernel60,forestkernel60@seeded.app,2024-03-03 16:08:23
317,opaltrail32,opaltrail32@opswise.net,2025-02-05 11:29:26
318,warmgarden71,warmgarden71@seeded.app,2024-07-10 13:08:28
319,urbandelta97,urbandelta97@relay.cloud,2025-03-16 20:48:25
320,jadeorbit37,jadeorbit37@acme.dev,2025-01-31 17:42:39
321,goldsignal01,goldsignal01@opswise.net,2024-02-16 13:21:16
322,forestmeadow68,forestmeadow68@opswise.net,2024-01-15 15:24:55
323,harboryard51,harboryard51@opswise.net,2025-08-28 00:46:34
324,quietisland38,quietisland38@relay.cloud,2024-11-10 08:09:50
325,jademeadow50,jademeadow50@acme.dev,2024-10-13 21:57:21
326,quietdelta97,quietdelta97@relay.cloud,2025-07-30 02:33:19
327,proudtrail30,proudtrail30@seeded.app,2026-01-30 15:09:55
328,emberriver48,emberriver48@seeded.app,2024-04-20 08:38:15
329,goldcanyon88,goldcanyon88@relay.cloud,2026-01-20 08:22:03
330,ivoryanchor60,ivoryanchor60@relay.cloud,2024-06-04 07:30:54
331,jadecanyon92,jadecanyon92@opswise.net,2025-10-10 03:43:31
332,mellowvalley73,mellowvalley73@seeded.app,2024-09-06 21:10:13
333,keenwindow12,keenwindow12@relay.cloud,2025-06-17 23:11:05
334,quietwindow42,quietwindow42@example.com,2025-06-12 09:33:11
335,proudsignal17,proudsignal17@acme.dev,2025-12-06 05:16:36
336,tidywindow24,tidywindow24@seeded.app,2025-03-15 08:18:14
337,goldzenith08,goldzenith08@opswise.net,2024-02-18 01:42:57
338,jadeharvest92,jadeharvest92@example.com,2025-11-10 23:26:28
339,proudnetwork25,proudnetwork25@seeded.app,2025-10-30 08:15:16
340,navyjourney17,navyjourney17@relay.cloud,2025-12-30 21:03:45
341,proudmeadow52,proudmeadow52@acme.dev,2024-03-23 03:36:28
342,briskcanyon16,briskcanyon16@example.com,2024-05-29 00:06:14
343,embernetwork08,embernetwork08@seeded.app,2024-04-06 21:02:04
344,forestbeacon20,forestbeacon20@seeded.app,2025-09-03 05:25:38
345,cobaltnetwork27,cobaltnetwork27@relay.cloud,2024-11-29 23:59:32
346,proudcanyon10,proudcanyon10@relay.cloud,2024-04-29 06:18:51
347,livelywindow30,livelywindow30@example.com,2024-04-19 13:45:32
348,opalzenith34,opalzenith34@relay.cloud,2025-01-19 15:57:22
349,urbanfield77,urbanfield77@example.com,2025-01-14 06:09:29
350,calmgarden59,calmgarden59@relay.cloud,2025-03-21 13:16:11
351,urbanquartz47,urbanquartz47@relay.cloud,2025-05-22 14:20:33
352,proudfield59,proudfield59@example.com,2024-10-27 00:46:22
353,rapidriver25,rapidriver25@opswise.net,2024-10-23 08:06:05
354,calmkernel89,calmkernel89@relay.cloud,2025-02-01 20:28:22
355,briskzenith75,briskzenith75@acme.dev,2024-01-12 19:01:24
356,opalgarden63,opalgarden63@hackstack.io,2024-03-11 21:13:54
357,dawngarden68,dawngarden68@relay.cloud,2025-01-10 08:06:45
358,quietwindow57,quietwindow57@acme.dev,2025-02-08 19:58:53
359,urbanquartz08,urbanquartz08@hackstack.io,2024-03-29 17:00:09
360,opalquartz64,opalquartz64@example.com,2025-05-09 22:21:10
361,proudfield13,proudfield13@seeded.app,2024-06-17 02:56:34
362,goldbeacon25,goldbeacon25@opswise.net,2025-07-07 11:44:42
363,keenpioneer74,keenpioneer74@example.com,2025-11-29 04:29:16
364,vividriver17,vividriver17@acme.dev,2025-09-03 07:37:05
365,urbanlagoon34,urbanlagoon34@seeded.app,2024-07-18 14:13:36
366,warmlagoon99,warmlagoon99@example.com,2025-09-10 02:24:21
367,calmisland72,calmisland72@relay.cloud,2024-11-11 21:41:07
368,emberpioneer92,emberpioneer92@opswise.net,2024-06-10 03:33:30
369,navykernel06,navykernel06@relay.cloud,2025-07-27 06:11:26
370,jadeuplink18,jadeuplink18@hackstack.io,2024-08-19 00:25:29
371,silvermeadow37,silvermeadow37@example.com,2024-12-05 18:05:39
372,proudcanyon31,proudcanyon31@seeded.app,2024-11-03 09:52:02
373,jademeadow43,jademeadow43@hackstack.io,2025-10-11 14:54:13
374,jadevalley47,jadevalley47@relay.cloud,2024-05-23 14:16:46
375,keenwindow47,keenwindow47@acme.dev,2026-01-18 13:34:43
376,tidyjourney80,tidyjourney80@acme.dev,2025-12-30 10:28:37
377,navypioneer29,navypioneer29@relay.cloud,2025-10-01 15:04:23
378,rapidfield35,rapidfield35@seeded.app,2025-04-24 08:22:23
379,warmanchor82,warmanchor82@hackstack.io,2025-12-22 11:48:21
380,briskzenith63,briskzenith63@relay.cloud,2024-10-04 04:06:58
381,quietgarden94,quietgarden94@acme.dev,2024-06-16 14:38:18
382,goldsignal31,goldsignal31@relay.cloud,2025-03-08 23:43:47
383,emberdelta08,emberdelta08@acme.dev,2024-05-22 19:29:29
384,livelyjourney97,livelyjourney97@relay.cloud,2024-04-22 02:19:35
385,rapidtrail90,rapidtrail90@acme.dev,2024-05-23 16:32:38
386,opallagoon87,opallagoon87@seeded.app,2025-11-02 13:36:46
387,mellowdelta83,mellowdelta83@seeded.app,2026-01-29 19:34:56
388,cobaltjourney86,cobaltjourney86@acme.dev,2025-07-14 09:22:17
389,mellowvalley23,mellowvalley23@relay.cloud,2024-05-16 19:36:54
390,goldtrail64,goldtrail64@example.com,2025-11-11 17:59:40
391,mellowbeacon82,mellowbeacon82@opswise.net,2025-11-10 09:41:15
392,jadeuplink26,jadeuplink26@acme.dev,2024-01-09 20:16:50
393,urbanpioneer98,urbanpioneer98@hackstack.io,2024-01-29 13:41:18
394,navyyard86,navyyard86@seeded.app,2024-01-13 07:25:36
395,navykernel72,navykernel72@acme.dev,2024-12-29 08:35:34
396,forestlagoon00,forestlagoon00@example.com,2024-12-29 05:39:29
397,harborcanyon11,harborcanyon11@seeded.app,2024-09-27 02:43:53
398,warmlagoon73,warmlagoon73@acme.dev,2024-07-28 04:20:26
399,clearriver33,clearriver33@seeded.app,2024-03-29 03:47:10
400,ivoryanchor26,ivoryanchor26@example.com,2025-06-20 16:41:51
